<?xml version="1.0" encoding="UTF-8"?>
<configuration>
   <include resource="org/springframework/boot/logging/logback/defaults.xml"/>

   <springProperty scope="context" name="springAppName" source="spring.application.name"/>
   <springProperty scope="context" name="logLevel" source="log.level"/>

   <property name="CONSOLE_LOG_PATTERN"
             value="%clr(%d{yyyy-MM-dd HH:mm:ss.SSS}){faint} %clr(${LOG_LEVEL_PATTERN:-%5p}) %clr([${springAppName:-},%X{X-Correlation-ID}, %X{X-B3-TraceId:-},%X{X-B3-SpanId:-},%X{X-Span-Export:-}]){yellow} %clr(${PID:- }){magenta} %clr(---){faint} %clr([%15.15t]){faint} %clr(%-40.40logger{39}){cyan} %clr(:){faint} %m%n${LOG_EXCEPTION_CONVERSION_WORD:-%wEx}"/>


   <property name="LOG_LEVEL" value="${BUILD_FOLDER:-build}/${logLevel}"/>​

   <!-- Appender to log to console -->
   <appender name="console" class="ch.qos.logback.core.ConsoleAppender">
      <filter class="ch.qos.logback.classic.filter.ThresholdFilter">
         <!-- Minimum logging level to be presented in the console logs-->
         <level>DEBUG</level>
      </filter>
      <encoder>
         <pattern>${CONSOLE_LOG_PATTERN}</pattern>
         <charset>utf8</charset>
      </encoder>
   </appender>

   <!-- Wrap calls to the console logger with async dispatching to Disruptor. -->
<!--   <appender name="asyncConsole" class="reactor.logback.AsyncAppender">
      <appender-ref ref="console"/>
   </appender>-->

   <logger name="reactor.Mono" level="DEBUG"/>
   <logger name="reactor.Flux" level="DEBUG"/>
<!--   <logger name="reactor.util.Logger" level="DEBUG"/>-->

   <root level="INFO">
      <appender-ref ref="console"/>
<!--      <appender-ref ref="asyncConsole"/>-->
   </root>
</configuration>
